itermax,k,xp,yp,iteration
5,1,0,4340.27777777778,1
5,1,52.0833333333333,4296.875,1
5,1,78.125,4257.8125,1
5,1,104.166666666665,4218.75,1
5,1,156.249999999995,4140.625,1
5,1,156.25,4140.62499999999,1
5,1,208.333333333333,4062.5,1
5,1,234.375,4023.4375,1
5,1,260.416666666667,3984.375,1
5,1,285.326086956521,3906.25,1
5,1,312.5,3871.52777777778,1
5,1,364.58333333333,3828.125,1
5,1,390.625,3789.06249999999,1
5,1,416.666666666664,3750,1
5,1,441.576086956521,3671.875,1
5,1,468.75,3637.15277777778,1
5,1,520.833333333333,3593.75,1
5,1,546.875,3554.6875,1
5,1,572.916666666665,3515.625,1
5,1,624.999999999995,3437.5,1
5,1,625,3437.49999999999,1
5,1,677.083333333333,3359.375,1
5,1,703.125,3320.3125,1
5,1,729.166666666667,3281.25,1
5,1,754.076086956521,3203.125,1
5,1,781.25,3168.40277777778,1
5,1,833.33333333333,3125,1
5,1,859.375,3085.93749999999,1
5,1,885.416666666662,3046.875,1
5,1,910.326086956521,2968.75,1
5,1,937.5,2934.02777777778,1
5,1,989.583333333333,2890.625,1
5,1,1015.625,2851.5625,1
5,1,1041.66666666667,2812.5,1
5,1,1093.75,2734.375,1
5,1,1093.75,2734.37499999999,1
5,1,1145.83333333333,2656.25,1
5,1,1171.875,2617.1875,1
5,1,1197.91666666667,2578.125,1
5,1,1222.82608695652,2500,1
5,1,1250,2495.1171875,1
5,1,1328.125,2490.234375,1
5,1,1406.25,2480.46875,1
5,1,1484.375,2470.703125,1
5,1,1562.5,2460.9375,1
5,1,1640.625,2451.171875,1
5,1,1718.75,2441.40625,1
5,1,1796.875,2431.640625,1
5,1,1847.82608695652,2421.875,1
5,1,1875,2416.9921875,1
5,1,1953.125,2412.109375,1
5,1,2031.25,2402.34375,1
5,1,2109.375,2392.578125,1
5,1,2187.5,2382.8125,1
5,1,2265.625,2373.046875,1
5,1,2343.75,2363.28125,1
5,1,2421.875,2353.515625,1
5,1,2472.82608695652,2343.75,1
5,1,2500,2338.8671875,1
5,1,2578.125,2301.43229166667,1
5,1,2644.23076923077,2265.625,1
5,1,2656.25,2259.11458333333,1
5,1,2734.375,2216.796875,1
5,1,2788.46153846154,2187.5,1
5,1,2812.5,2174.47916666667,1
5,1,2890.625,2154.94791666667,1
5,1,2968.75,2148.4375,1
5,1,3046.875,2141.92708333333,1
5,1,3125,2135.41666666667,1
5,1,3203.125,2128.90625,1
5,1,3281.25,2122.39583333333,1
5,1,3359.375,2115.88541666667,1
5,1,3389.42307692308,2109.375,1
5,1,3437.5,2100.18382352941,1
5,1,3515.625,2102.86458333333,1
5,1,3593.75,2096.35416666667,1
5,1,3671.875,2089.84375,1
5,1,3750,2083.33333333333,1
5,1,3828.125,2076.82291666667,1
5,1,3906.25,2070.3125,1
5,1,3984.375,2063.80208333333,1
5,1,4062.5,2057.29166666667,1
5,1,4140.625,2050.78125,1
5,1,4218.75,2044.27083333333,1
5,1,4296.875,2037.76041666667,1
5,1,4326.92307692308,2031.25,1
5,1,4375,2022.05882352941,1
5,1,4453.125,2024.73958333333,1
5,1,4531.25,2018.22916666667,1
5,1,4609.375,2011.71875,1
5,1,4687.5,2005.20833333333,1
5,1,4765.625,1998.69791666667,1
5,1,4843.75,1992.1875,1
5,1,4921.875,1985.67708333333,1
5,1,5000,1979.16666666667,1
5,1,0,4340.27777777778,2
5,1,39.0625,4296.875,2
5,1,55.8035714285711,4218.75,2
5,1,78.125,4184.02777777778,2
5,1,117.187500000002,4140.625,2
5,1,133.928571428572,4062.5,2
5,1,156.25,4027.77777777778,2
5,1,195.312499999998,3984.375,2
5,1,212.053571428571,3906.25,2
5,1,234.375,3871.52777777778,2
5,1,273.4375,3828.125,2
5,1,290.178571428571,3750,2
5,1,312.5,3715.27777777778,2
5,1,351.5625,3671.875,2
5,1,368.303571428572,3593.75,2
5,1,390.625,3559.02777777778,2
5,1,429.6875,3515.625,2
5,1,446.428571428571,3437.5,2
5,1,468.75,3402.77777777778,2
5,1,507.8125,3359.375,2
5,1,524.553571428571,3281.25,2
5,1,546.875,3246.52777777778,2
5,1,585.9375,3203.125,2
5,1,602.678571428571,3125,2
5,1,625,3090.27777777778,2
5,1,664.062500000002,3046.875,2
5,1,680.803571428572,2968.75,2
5,1,703.125,2934.02777777778,2
5,1,742.1875,2890.625,2
5,1,758.928571428571,2812.5,2
5,1,781.25,2777.77777777778,2
5,1,820.312499999998,2734.375,2
5,1,837.053571428572,2656.25,2
5,1,859.375,2621.52777777778,2
5,1,898.4375,2578.125,2
5,1,915.178571428571,2500,2
5,1,937.5,2477.67857142857,2
5,1,993.303571428571,2421.875,2
5,1,1015.625,2399.55357142857,2
5,1,1071.42857142857,2343.75,2
5,1,1093.75,2321.42857142857,2
5,1,1149.55357142857,2265.625,2
5,1,1171.875,2243.30357142857,2
5,1,1227.67857142857,2187.5,2
5,1,1250,2165.17857142857,2
5,1,1328.125,2187.5,2
5,1,1406.25,2165.17857142857,2
5,1,1484.375,2187.5,2
5,1,1562.5,2165.17857142857,2
5,1,1640.625,2161.45833333333,2
5,1,1718.75,2135.41666666667,2
5,1,1762.15277777778,2109.375,2
5,1,1796.875,2092.92763157895,2
5,1,1875,2083.33333333333,2
5,1,1953.125,2057.29166666667,2
5,1,1996.52777777778,2031.25,2
5,1,2031.25,2014.80263157895,2
5,1,2109.375,2005.20833333333,2
5,1,2187.5,1979.16666666667,2
5,1,2230.90277777778,1953.125,2
5,1,2265.625,1936.67763157895,2
5,1,2343.75,1927.08333333333,2
5,1,2421.875,1901.04166666667,2
5,1,2465.27777777778,1875,2
5,1,2500,1858.55263157895,2
5,1,2578.125,1822.91666666667,2
5,1,2617.1875,1796.875,2
5,1,2656.25,1770.83333333333,2
5,1,2712.05357142857,1718.75,2
5,1,2734.375,1702.30263157895,2
5,1,2812.5,1666.66666666667,2
5,1,2851.5625,1640.625,2
5,1,2890.625,1614.58333333333,2
5,1,2946.42857142857,1562.5,2
5,1,2968.75,1546.05263157895,2
5,1,3046.875,1510.41666666667,2
5,1,3085.9375,1484.375,2
5,1,3125,1458.33333333333,2
5,1,3203.125,1406.25,2
5,1,3203.125,1406.25,2
5,1,3281.25,1354.16666666667,2
5,1,3320.3125,1328.125,2
5,1,3359.375,1302.08333333333,2
5,1,3415.17857142857,1250,2
5,1,3437.5,1247.13302752294,2
5,1,3515.625,1242.55952380952,2
5,1,3593.75,1235.11904761905,2
5,1,3671.875,1227.67857142857,2
5,1,3750,1212.12121212121,2
5,1,3828.125,1184.89583333333,2
5,1,3883.92857142857,1171.875,2
5,1,3906.25,1166.9921875,2
5,1,3984.375,1158.85416666667,2
5,1,4062.5,1145.83333333333,2
5,1,4140.625,1132.8125,2
5,1,4218.75,1119.79166666667,2
5,1,4296.875,1106.77083333333,2
5,1,4352.67857142857,1093.75,2
5,1,4375,1088.8671875,2
5,1,4453.125,1080.72916666667,2
5,1,4531.25,1067.70833333333,2
5,1,4609.375,1054.6875,2
5,1,4687.5,1041.66666666667,2
5,1,4765.625,1028.64583333333,2
5,1,4821.42857142857,1015.625,2
5,1,4843.75,1010.7421875,2
5,1,4921.875,1002.60416666667,2
5,1,5000,989.583333333333,2
5,1,0,4040.17857142857,3
5,1,55.8035714285711,3984.375,3
5,1,78.125,3962.05357142857,3
5,1,133.928571428571,3906.25,3
5,1,156.25,3883.92857142857,3
5,1,212.053571428572,3828.125,3
5,1,234.375,3805.80357142857,3
5,1,290.178571428571,3750,3
5,1,290.178571428571,3671.875,3
5,1,290.178571428571,3593.75,3
5,1,290.178571428571,3515.625,3
5,1,290.178571428571,3437.5,3
5,1,312.5,3415.17857142857,3
5,1,390.625,3415.17857142857,3
5,1,468.75,3415.17857142857,3
5,1,546.875,3415.17857142857,3
5,1,625,3415.17857142857,3
5,1,680.803571428571,3359.375,3
5,1,703.125,3337.05357142857,3
5,1,758.928571428571,3281.25,3
5,1,768.229166666667,3203.125,3
5,1,768.229166666667,3125,3
5,1,768.229166666667,3046.875,3
5,1,768.229166666667,2968.75,3
5,1,768.229166666667,2890.625,3
5,1,768.229166666667,2812.5,3
5,1,768.229166666667,2734.375,3
5,1,768.229166666667,2656.25,3
5,1,781.25,2633.92857142857,3
5,1,837.053571428572,2578.125,3
5,1,859.375,2555.80357142857,3
5,1,915.178571428571,2500,3
5,1,937.5,2486.97916666667,3
5,1,1015.625,2460.9375,3
5,1,1071.42857142857,2421.875,3
5,1,1093.75,2408.85416666667,3
5,1,1145.83333333333,2343.75,3
5,1,1145.83333333333,2265.625,3
5,1,1145.83333333333,2187.5,3
5,1,1145.83333333333,2109.375,3
5,1,1145.83333333333,2031.25,3
5,1,1145.83333333333,1953.125,3
5,1,1145.83333333333,1875,3
5,1,1171.875,1835.9375,3
5,1,1197.91666666667,1796.875,3
5,1,1240.80882352941,1718.75,3
5,1,1250,1705.72916666667,3
5,1,1328.125,1705.72916666667,3
5,1,1406.25,1705.72916666667,3
5,1,1484.375,1718.75,3
5,1,1562.5,1705.72916666667,3
5,1,1640.625,1705.72916666667,3
5,1,1718.75,1705.72916666667,3
5,1,1796.875,1705.72916666667,3
5,1,1875,1705.72916666667,3
5,1,1953.125,1679.6875,3
5,1,2031.25,1640.625,3
5,1,2031.25,1640.625,3
5,1,2109.375,1601.5625,3
5,1,2165.17857142857,1562.5,3
5,1,2187.5,1553.30882352941,3
5,1,2265.625,1553.30882352941,3
5,1,2343.75,1553.30882352941,3
5,1,2421.875,1553.30882352941,3
5,1,2500,1553.30882352941,3
5,1,2578.125,1553.30882352941,3
5,1,2656.25,1562.5,3
5,1,2734.375,1553.30882352941,3
5,1,2812.5,1549.47916666667,3
5,1,2890.625,1523.4375,3
5,1,2946.42857142857,1484.375,3
5,1,2968.75,1471.35416666667,3
5,1,3046.875,1445.3125,3
5,1,3102.67857142857,1406.25,3
5,1,3125,1393.22916666667,3
5,1,3203.125,1367.1875,3
5,1,3258.92857142857,1328.125,3
5,1,3281.25,1315.10416666667,3
5,1,3359.375,1289.0625,3
5,1,3415.17857142857,1250,3
5,1,3437.5,1240.80882352941,3
5,1,3515.625,1223.95833333333,3
5,1,3593.75,1197.91666666667,3
5,1,3649.55357142857,1171.875,3
5,1,3671.875,1164.77272727273,3
5,1,3750,1164.77272727273,3
5,1,3828.125,1152.34375,3
5,1,3906.25,1132.8125,3
5,1,3984.375,1113.28125,3
5,1,4040.17857142857,1093.75,3
5,1,4062.5,1086.64772727273,3
5,1,4140.625,1074.21875,3
5,1,4218.75,1054.6875,3
5,1,4296.875,1035.15625,3
5,1,4352.67857142857,1015.625,3
5,1,4375,1008.52272727273,3
5,1,4453.125,996.09375,3
5,1,4531.25,976.562499999999,3
5,1,4609.375,957.03125,3
5,1,4665.17857142857,937.5,3
5,1,4687.5,930.397727272727,3
5,1,4765.625,917.968749999999,3
5,1,4843.75,898.4375,3
5,1,4921.875,878.90625,3
5,1,5000,859.375,3
5,1,5000,859.374999999999,3
5,1,0,4205.72916666667,4
5,1,65.1041666666667,4140.625,4
5,1,78.125,4127.60416666667,4
5,1,143.229166666667,4062.5,4
5,1,143.229166666667,3984.375,4
5,1,143.229166666667,3906.25,4
5,1,143.229166666667,3828.125,4
5,1,143.229166666667,3750,4
5,1,143.229166666667,3671.875,4
5,1,143.229166666667,3593.75,4
5,1,156.25,3580.72916666667,4
5,1,234.375,3580.72916666667,4
5,1,312.5,3580.72916666667,4
5,1,390.625,3580.72916666667,4
5,1,455.729166666667,3515.625,4
5,1,455.729166666667,3437.5,4
5,1,455.729166666667,3359.375,4
5,1,455.729166666667,3281.25,4
5,1,468.75,3268.22916666667,4
5,1,546.875,3268.22916666667,4
5,1,625,3268.22916666667,4
5,1,690.104166666667,3203.125,4
5,1,696.022727272727,3125,4
5,1,696.022727272727,3046.875,4
5,1,696.022727272727,2968.75,4
5,1,696.022727272727,2890.625,4
5,1,703.125,2877.60416666667,4
5,1,768.229166666667,2812.5,4
5,1,768.229166666667,2734.375,4
5,1,768.229166666667,2656.25,4
5,1,781.25,2643.22916666667,4
5,1,859.375,2643.22916666667,4
5,1,937.5,2643.22916666667,4
5,1,1015.625,2643.22916666667,4
5,1,1080.72916666667,2578.125,4
5,1,1080.72916666667,2500,4
5,1,1080.72916666667,2421.875,4
5,1,1080.72916666667,2343.75,4
5,1,1080.72916666667,2265.625,4
5,1,1080.72916666667,2187.5,4
5,1,1093.75,2174.47916666667,4
5,1,1158.85416666667,2109.375,4
5,1,1164.77272727273,2031.25,4
5,1,1164.77272727273,1953.125,4
5,1,1164.77272727273,1875,4
5,1,1171.875,1861.97916666667,4
5,1,1210.9375,1796.875,4
5,1,1242.89772727273,1718.75,4
5,1,1250,1705.72916666667,4
5,1,1328.125,1705.72916666667,4
5,1,1406.25,1705.72916666667,4
5,1,1484.375,1705.72916666667,4
5,1,1562.5,1705.72916666667,4
5,1,1640.625,1705.72916666667,4
5,1,1718.75,1705.72916666667,4
5,1,1796.875,1705.72916666667,4
5,1,1875,1705.72916666667,4
5,1,1953.125,1705.72916666667,4
5,1,2031.25,1705.72916666667,4
5,1,2109.375,1705.72916666667,4
5,1,2187.5,1705.72916666667,4
5,1,2252.60416666667,1640.625,4
5,1,2265.625,1633.52272727273,4
5,1,2343.75,1633.52272727273,4
5,1,2421.875,1633.52272727273,4
5,1,2500,1633.52272727273,4
5,1,2578.125,1627.60416666667,4
5,1,2643.22916666667,1562.5,4
5,1,2656.25,1549.47916666667,4
5,1,2721.35416666667,1484.375,4
5,1,2734.375,1471.35416666667,4
5,1,2799.47916666667,1406.25,4
5,1,2812.5,1393.22916666667,4
5,1,2877.60416666667,1328.125,4
5,1,2890.625,1321.02272727273,4
5,1,2968.75,1321.02272727273,4
5,1,3046.875,1321.02272727273,4
5,1,3125,1321.02272727273,4
5,1,3203.125,1289.0625,4
5,1,3268.22916666667,1250,4
5,1,3281.25,1242.89772727273,4
5,1,3359.375,1210.9375,4
5,1,3424.47916666667,1171.875,4
5,1,3437.5,1164.77272727273,4
5,1,3515.625,1164.77272727273,4
5,1,3593.75,1164.77272727273,4
5,1,3671.875,1164.77272727273,4
5,1,3750,1164.77272727273,4
5,1,3828.125,1132.8125,4
5,1,3893.22916666667,1093.75,4
5,1,3906.25,1086.64772727273,4
5,1,3984.375,1054.6875,4
5,1,4049.47916666667,1015.625,4
5,1,4062.5,1008.52272727273,4
5,1,4140.625,1008.52272727273,4
5,1,4218.75,1008.52272727273,4
5,1,4296.875,1008.52272727273,4
5,1,4375,1008.52272727273,4
5,1,4453.125,1008.52272727273,4
5,1,4531.25,1008.52272727273,4
5,1,4609.375,1008.52272727273,4
5,1,4687.5,1008.52272727273,4
5,1,4765.625,976.5625,4
5,1,4830.72916666667,937.5,4
5,1,4843.75,924.479166666667,4
5,1,4908.85416666667,859.375,4
5,1,4921.875,852.272727272727,4
5,1,5000,852.272727272727,4
5,1,0,4133.52272727273,5
5,1,71.0227272727273,4062.5,5
5,1,71.0227272727273,3984.375,5
5,1,71.0227272727273,3906.25,5
5,1,71.0227272727273,3828.125,5
5,1,78.125,3821.02272727273,5
5,1,156.25,3821.02272727273,5
5,1,227.272727272727,3750,5
5,1,227.272727272727,3671.875,5
5,1,234.375,3664.77272727273,5
5,1,312.5,3664.77272727273,5
5,1,383.522727272727,3593.75,5
5,1,383.522727272727,3515.625,5
5,1,390.625,3508.52272727273,5
5,1,468.75,3508.52272727273,5
5,1,539.772727272727,3437.5,5
5,1,539.772727272727,3359.375,5
5,1,546.875,3352.27272727273,5
5,1,625,3352.27272727273,5
5,1,696.022727272727,3281.25,5
5,1,696.022727272727,3203.125,5
5,1,703.125,3196.02272727273,5
5,1,781.25,3196.02272727273,5
5,1,820.3125,3125,5
5,1,820.3125,3046.875,5
5,1,833.333333333333,2968.75,5
5,1,852.272727272727,2890.625,5
5,1,852.272727272727,2812.5,5
5,1,852.272727272727,2734.375,5
5,1,852.272727272727,2656.25,5
5,1,852.272727272727,2578.125,5
5,1,859.375,2571.02272727273,5
5,1,937.5,2571.02272727273,5
5,1,1008.52272727273,2500,5
5,1,1008.52272727273,2421.875,5
5,1,1008.52272727273,2343.75,5
5,1,1008.52272727273,2265.625,5
5,1,1008.52272727273,2187.5,5
5,1,1008.52272727273,2109.375,5
5,1,1008.52272727273,2031.25,5
5,1,1015.625,2024.14772727273,5
5,1,1054.6875,1953.125,5
5,1,1054.6875,1875,5
5,1,1090.02976190476,1796.875,5
5,1,1093.75,1789.77272727273,5
5,1,1171.875,1789.77272727273,5
5,1,1250,1789.77272727273,5
5,1,1328.125,1789.77272727273,5
5,1,1406.25,1789.77272727273,5
5,1,1484.375,1789.77272727273,5
5,1,1562.5,1789.77272727273,5
5,1,1640.625,1789.77272727273,5
5,1,1718.75,1789.77272727273,5
5,1,1796.875,1789.77272727273,5
5,1,1875,1789.77272727273,5
5,1,1946.02272727273,1718.75,5
5,1,1946.02272727273,1640.625,5
5,1,1953.125,1633.52272727273,5
5,1,2031.25,1633.52272727273,5
5,1,2109.375,1633.52272727273,5
5,1,2187.5,1633.52272727273,5
5,1,2265.625,1633.52272727273,5
5,1,2343.75,1633.52272727273,5
5,1,2421.875,1601.5625,5
5,1,2500,1601.5625,5
5,1,2571.02272727273,1562.5,5
5,1,2571.02272727273,1484.375,5
5,1,2578.125,1477.27272727273,5
5,1,2656.25,1477.27272727273,5
5,1,2727.27272727273,1406.25,5
5,1,2734.375,1399.14772727273,5
5,1,2805.39772727273,1328.125,5
5,1,2812.5,1321.02272727273,5
5,1,2890.625,1321.02272727273,5
5,1,2968.75,1321.02272727273,5
5,1,3046.875,1321.02272727273,5
5,1,3125,1321.02272727273,5
5,1,3196.02272727273,1250,5
5,1,3196.02272727273,1171.875,5
5,1,3203.125,1164.77272727273,5
5,1,3281.25,1164.77272727273,5
5,1,3359.375,1164.77272727273,5
5,1,3437.5,1164.77272727273,5
5,1,3515.625,1164.77272727273,5
5,1,3593.75,1164.77272727273,5
5,1,3671.875,1164.77272727273,5
5,1,3750,1164.77272727273,5
5,1,3828.125,1132.8125,5
5,1,3906.25,1132.8125,5
5,1,3977.27272727273,1093.75,5
5,1,3984.375,1086.64772727273,5
5,1,4055.39772727273,1015.625,5
5,1,4062.5,1008.52272727273,5
5,1,4140.625,1008.52272727273,5
5,1,4218.75,1008.52272727273,5
5,1,4296.875,1008.52272727273,5
5,1,4375,1008.52272727273,5
5,1,4453.125,1008.52272727273,5
5,1,4531.25,1008.52272727273,5
5,1,4609.375,1008.52272727273,5
5,1,4687.5,1008.52272727273,5
5,1,4765.625,1008.52272727273,5
5,1,4843.75,1008.52272727273,5
5,1,4914.77272727273,937.5,5
5,1,4921.875,930.397727272727,5
5,1,4992.89772727273,859.375,5
5,1,5000,852.272727272727,5
5,2,0,4340.27777777778,1
5,2,39.0625,4296.875,1
5,2,55.8035714285711,4218.75,1
5,2,78.125,4184.02777777778,1
5,2,117.187499999998,4140.625,1
5,2,133.928571428572,4062.5,1
5,2,156.25,4027.77777777778,1
5,2,195.3125,3984.375,1
5,2,212.053571428571,3906.25,1
5,2,234.375,3871.52777777778,1
5,2,273.437499999998,3828.125,1
5,2,290.178571428571,3750,1
5,2,312.5,3715.27777777778,1
5,2,351.5625,3671.875,1
5,2,368.303571428571,3593.75,1
5,2,390.625,3559.02777777778,1
5,2,429.687499999998,3515.625,1
5,2,468.749999999997,3437.5,1
5,2,468.75,3437.49999999999,1
5,2,507.8125,3359.375,1
5,2,524.553571428571,3281.25,1
5,2,546.875,3246.52777777778,1
5,2,585.937499999998,3203.125,1
5,2,624.999999999996,3125,1
5,2,625,3124.99999999999,1
5,2,664.062499999996,3046.875,1
5,2,680.803571428571,2968.75,1
5,2,703.125,2934.02777777778,1
5,2,742.187499999998,2890.625,1
5,2,781.249999999997,2812.5,1
5,2,781.25,2812.49999999999,1
5,2,820.312499999996,2734.375,1
5,2,837.053571428571,2656.25,1
5,2,859.375,2621.52777777778,1
5,2,898.437499999998,2578.125,1
5,2,937.499999999996,2500,1
5,2,937.5,2500,1
5,2,1015.625,2480.46875,1
5,2,1093.75,2460.9375,1
5,2,1171.875,2441.40625,1
5,2,1250,2421.875,1
5,2,1250,2421.875,1
5,2,1328.125,2402.34375,1
5,2,1406.25,2382.8125,1
5,2,1484.375,2363.28125,1
5,2,1540.17857142857,2343.75,1
5,2,1562.5,2336.64772727273,1
5,2,1640.625,2324.21875,1
5,2,1718.75,2304.6875,1
5,2,1796.875,2285.15625,1
5,2,1875,2265.625,1
5,2,1875,2265.625,1
5,2,1953.125,2246.09375,1
5,2,2031.25,2226.5625,1
5,2,2109.375,2207.03125,1
5,2,2165.17857142857,2187.5,1
5,2,2187.5,2180.39772727273,1
5,2,2265.625,2167.96875,1
5,2,2343.75,2148.4375,1
5,2,2421.875,2128.90625,1
5,2,2500,2109.375,1
5,2,2500,2109.375,1
5,2,2578.125,2065.4296875,1
5,2,2638.88888888889,2031.25,1
5,2,2656.25,2021.484375,1
5,2,2734.375,1977.5390625,1
5,2,2777.77777777778,1953.125,1
5,2,2812.5,1933.59375,1
5,2,2890.625,1889.6484375,1
5,2,2916.66666666667,1875,1
5,2,2968.75,1845.703125,1
5,2,3046.875,1801.7578125,1
5,2,3055.55555555556,1796.875,1
5,2,3125,1757.8125,1
5,2,3194.44444444445,1718.75,1
5,2,3203.125,1713.8671875,1
5,2,3281.25,1669.921875,1
5,2,3333.33333333333,1640.625,1
5,2,3359.375,1625.9765625,1
5,2,3437.5,1607.14285714286,1
5,2,3515.625,1607.14285714286,1
5,2,3593.75,1607.14285714286,1
5,2,3671.875,1607.14285714286,1
5,2,3750,1607.14285714286,1
5,2,3828.125,1607.14285714286,1
5,2,3906.25,1607.14285714286,1
5,2,3984.375,1607.14285714286,1
5,2,4062.5,1607.14285714286,1
5,2,4140.625,1607.14285714286,1
5,2,4218.75,1607.14285714286,1
5,2,4296.875,1607.14285714286,1
5,2,4375,1607.14285714286,1
5,2,4453.125,1607.14285714286,1
5,2,4531.25,1607.14285714286,1
5,2,4609.375,1607.14285714286,1
5,2,4687.5,1607.14285714286,1
5,2,4765.625,1607.14285714286,1
5,2,4843.75,1607.14285714286,1
5,2,4921.875,1607.14285714286,1
5,2,5000,1607.14285714286,1
5,2,0,3415.17857142857,2
5,2,39.0624999999991,3359.375,2
5,2,65.1041666666667,3281.25,2
5,2,78.125,3258.92857142857,2
5,2,117.187499999999,3203.125,2
5,2,143.229166666666,3125,2
5,2,156.25,3102.67857142857,2
5,2,195.312499999999,3046.875,2
5,2,234.374999999998,2968.75,2
5,2,234.375,2968.75,2
5,2,273.437499999999,2890.625,2
5,2,312.499999999998,2812.5,2
5,2,312.5,2812.5,2
5,2,351.562499999999,2734.375,2
5,2,390.624999999998,2656.25,2
5,2,390.625,2656.25,2
5,2,429.687499999999,2578.125,2
5,2,468.749999999998,2500,2
5,2,468.75,2500,2
5,2,546.875,2447.91666666667,2
5,2,585.937499999999,2421.875,2
5,2,625,2395.83333333333,2
5,2,703.124999999998,2343.75,2
5,2,703.125,2343.75,2
5,2,781.25,2291.66666666667,2
5,2,820.312499999997,2265.625,2
5,2,859.375,2239.58333333333,2
5,2,924.479166666666,2187.5,2
5,2,937.5,2178.30882352941,2
5,2,1015.625,2135.41666666667,2
5,2,1054.6875,2109.375,2
5,2,1093.75,2083.33333333333,2
5,2,1158.85416666667,2031.25,2
5,2,1171.875,2022.05882352941,2
5,2,1250,1979.16666666667,2
5,2,1276.04166666667,1953.125,2
5,2,1328.125,1901.04166666667,2
5,2,1354.16666666667,1875,2
5,2,1406.25,1822.91666666667,2
5,2,1432.29166666667,1796.875,2
5,2,1484.375,1744.79166666667,2
5,2,1510.41666666667,1718.75,2
5,2,1562.5,1666.66666666667,2
5,2,1588.54166666667,1640.625,2
5,2,1640.625,1588.54166666667,2
5,2,1666.66666666667,1562.5,2
5,2,1718.75,1510.41666666667,2
5,2,1744.79166666667,1484.375,2
5,2,1796.875,1432.29166666667,2
5,2,1822.91666666667,1406.25,2
5,2,1875,1354.16666666667,2
5,2,1901.04166666667,1328.125,2
5,2,1953.125,1276.04166666667,2
5,2,1979.16666666667,1250,2
5,2,2031.25,1230.46875,2
5,2,2109.375,1201.171875,2
5,2,2187.5,1171.875,2
5,2,2187.5,1171.875,2
5,2,2265.625,1142.578125,2
5,2,2343.75,1113.28125,2
5,2,2395.83333333333,1093.75,2
5,2,2421.875,1083.984375,2
5,2,2500,1054.6875,2
5,2,2578.125,1054.6875,2
5,2,2656.25,1054.6875,2
5,2,2734.375,1054.6875,2
5,2,2812.5,1054.6875,2
5,2,2890.625,1054.6875,2
5,2,2968.75,1054.6875,2
5,2,3046.875,1054.6875,2
5,2,3125,1054.6875,2
5,2,3203.125,1054.6875,2
5,2,3281.25,1054.6875,2
5,2,3359.375,1054.6875,2
5,2,3437.5,1054.6875,2
5,2,3515.625,1054.6875,2
5,2,3593.75,1031.25,2
5,2,3619.79166666667,1015.625,2
5,2,3671.875,984.375,2
5,2,3740.80882352941,937.5,2
5,2,3750,931.712962962963,2
5,2,3828.125,931.712962962963,2
5,2,3906.25,931.712962962963,2
5,2,3984.375,931.712962962963,2
5,2,4062.5,931.712962962963,2
5,2,4140.625,931.712962962963,2
5,2,4218.75,931.712962962963,2
5,2,4296.875,931.712962962963,2
5,2,4375,931.712962962963,2
5,2,4453.125,931.712962962963,2
5,2,4531.25,931.712962962963,2
5,2,4609.375,931.712962962963,2
5,2,4687.5,929.48717948718,2
5,2,4765.625,904.017857142857,2
5,2,4843.75,870.535714285714,2
5,2,4869.79166666667,859.375,2
5,2,4921.875,837.053571428571,2
5,2,5000,803.571428571428,2
5,2,0,3415.17857142857,3
5,2,39.0624999999991,3359.375,3
5,2,65.1041666666667,3281.25,3
5,2,78.125,3258.92857142857,3
5,2,104.166666666666,3203.125,3
5,2,104.166666666666,3125,3
5,2,130.208333333333,3046.875,3
5,2,147.058823529412,2968.75,3
5,2,156.25,2946.42857142857,3
5,2,182.291666666666,2890.625,3
5,2,208.333333333333,2812.5,3
5,2,234.374999999999,2734.375,3
5,2,234.375,2734.375,3
5,2,260.416666666666,2656.25,3
5,2,286.458333333333,2578.125,3
5,2,303.308823529412,2500,3
5,2,312.5,2490.80882352941,3
5,2,381.433823529412,2421.875,3
5,2,390.625,2412.68382352941,3
5,2,459.558823529412,2343.75,3
5,2,468.75,2330.72916666667,3
5,2,507.8125,2265.625,3
5,2,539.772727272727,2187.5,3
5,2,546.875,2174.47916666667,3
5,2,585.9375,2109.375,3
5,2,617.897727272727,2031.25,3
5,2,625,2018.22916666667,3
5,2,703.125,1992.1875,3
5,2,729.166666666666,1953.125,3
5,2,729.166666666666,1875,3
5,2,781.25,1848.95833333333,3
5,2,859.375,1809.89583333333,3
5,2,885.416666666666,1796.875,3
5,2,937.5,1770.83333333333,3
5,2,1015.625,1731.77083333333,3
5,2,1041.66666666667,1718.75,3
5,2,1093.75,1692.70833333333,3
5,2,1171.875,1653.64583333333,3
5,2,1197.91666666667,1640.625,3
5,2,1250,1614.58333333333,3
5,2,1328.125,1614.58333333333,3
5,2,1406.25,1614.58333333333,3
5,2,1484.375,1614.58333333333,3
5,2,1562.5,1614.58333333333,3
5,2,1633.52272727273,1562.5,3
5,2,1640.625,1549.47916666667,3
5,2,1679.6875,1484.375,3
5,2,1711.64772727273,1406.25,3
5,2,1718.75,1393.22916666667,3
5,2,1757.8125,1328.125,3
5,2,1789.77272727273,1250,3
5,2,1796.875,1246.99519230769,3
5,2,1875,1218.75,3
5,2,1953.125,1203.125,3
5,2,2031.25,1187.5,3
5,2,2096.35416666667,1171.875,3
5,2,2109.375,1168.87019230769,3
5,2,2187.5,1156.25,3
5,2,2265.625,1140.625,3
5,2,2343.75,1125,3
5,2,2388.39285714286,1093.75,3
5,2,2421.875,1046.875,3
5,2,2444.19642857143,1015.625,3
5,2,2495.77702702703,937.5,3
5,2,2500,931.712962962963,3
5,2,2578.125,906.249999999999,3
5,2,2656.25,875,3
5,2,2695.3125,859.375,3
5,2,2734.375,843.75,3
5,2,2812.5,812.5,3
5,2,2877.60416666667,781.25,3
5,2,2890.625,775.462962962963,3
5,2,2968.75,750,3
5,2,3046.875,729.166666666667,3
5,2,3125,729.166666666666,3
5,2,3203.125,729.166666666667,3
5,2,3281.25,729.166666666667,3
5,2,3359.375,729.166666666666,3
5,2,3437.5,729.166666666666,3
5,2,3515.625,729.166666666667,3
5,2,3593.75,729.166666666667,3
5,2,3671.875,729.166666666666,3
5,2,3750,729.166666666666,3
5,2,3828.125,729.166666666667,3
5,2,3906.25,729.166666666667,3
5,2,3984.375,729.166666666666,3
5,2,4062.5,729.166666666666,3
5,2,4140.625,729.166666666667,3
5,2,4218.75,729.166666666667,3
5,2,4296.875,729.166666666666,3
5,2,4375,729.166666666666,3
5,2,4453.125,729.166666666667,3
5,2,4531.25,729.166666666667,3
5,2,4609.375,729.166666666666,3
5,2,4687.5,729.166666666666,3
5,2,4765.625,729.166666666667,3
5,2,4843.75,729.166666666667,3
5,2,4921.875,729.166666666666,3
5,2,5000,729.166666666666,3
5,2,0,3268.22916666667,4
5,2,78.125,3268.22916666667,4
5,2,143.229166666667,3203.125,4
5,2,143.229166666667,3125,4
5,2,156.25,3111.97916666667,4
5,2,221.354166666667,3046.875,4
5,2,234.375,3033.85416666667,4
5,2,299.479166666667,2968.75,4
5,2,312.5,2955.72916666667,4
5,2,351.5625,2890.625,4
5,2,383.522727272727,2812.5,4
5,2,390.625,2799.47916666667,4
5,2,429.6875,2734.375,4
5,2,461.647727272727,2656.25,4
5,2,468.75,2578.125,4
5,2,463.8671875,2500,4
5,2,463.8671875,2421.875,4
5,2,463.8671875,2343.75,4
5,2,468.75,2336.64772727273,4
5,2,546.875,2304.6875,4
5,2,611.979166666667,2265.625,4
5,2,625,2258.52272727273,4
5,2,677.083333333333,2187.5,4
5,2,677.083333333333,2109.375,4
5,2,677.083333333333,2031.25,4
5,2,677.083333333333,1953.125,4
5,2,703.125,1914.0625,4
5,2,768.229166666667,1875,4
5,2,781.25,1871.27976190476,4
5,2,859.375,1855.46875,4
5,2,932.6171875,1796.875,4
5,2,937.5,1789.77272727273,4
5,2,1015.625,1718.75,4
5,2,1015.625,1718.75,4
5,2,1067.70833333333,1640.625,4
5,2,1088.8671875,1562.5,4
5,2,1093.75,1559.49519230769,4
5,2,1171.875,1515.625,4
5,2,1223.95833333333,1484.375,4
5,2,1250,1468.75,4
5,2,1328.125,1453.125,4
5,2,1406.25,1437.5,4
5,2,1445.3125,1406.25,4
5,2,1480.65476190476,1328.125,4
5,2,1484.375,1321.02272727273,4
5,2,1523.4375,1250,4
5,2,1562.5,1218.75,4
5,2,1640.625,1218.75,4
5,2,1718.75,1218.75,4
5,2,1796.875,1218.75,4
5,2,1875,1197.91666666667,4
5,2,1914.0625,1171.875,4
5,2,1953.125,1145.83333333333,4
5,2,2024.14772727273,1093.75,4
5,2,2031.25,1088.8671875,4
5,2,2109.375,1041.66666666667,4
5,2,2148.4375,1015.625,4
5,2,2187.5,989.583333333333,4
5,2,2265.625,976.5625,4
5,2,2330.72916666667,937.5,4
5,2,2343.75,933.779761904762,4
5,2,2421.875,917.96875,4
5,2,2500,885.416666666667,4
5,2,2565.10416666667,859.375,4
5,2,2578.125,854.4921875,4
5,2,2656.25,833.333333333333,4
5,2,2734.375,807.291666666667,4
5,2,2799.47916666667,781.25,4
5,2,2812.5,776.3671875,4
5,2,2890.625,781.25,4
5,2,2968.75,774.147727272727,4
5,2,3046.875,742.1875,4
5,2,3111.97916666667,703.125,4
5,2,3125,696.022727272727,4
5,2,3203.125,696.022727272727,4
5,2,3281.25,696.022727272727,4
5,2,3359.375,696.022727272727,4
5,2,3437.5,696.022727272727,4
5,2,3515.625,696.022727272727,4
5,2,3593.75,696.022727272727,4
5,2,3671.875,696.022727272727,4
5,2,3750,696.022727272727,4
5,2,3828.125,696.022727272727,4
5,2,3906.25,696.022727272727,4
5,2,3984.375,696.022727272727,4
5,2,4062.5,696.022727272727,4
5,2,4140.625,696.022727272727,4
5,2,4218.75,696.022727272727,4
5,2,4296.875,696.022727272727,4
5,2,4375,677.083333333333,4
5,2,4453.125,677.083333333333,4
5,2,4531.25,677.083333333333,4
5,2,4609.375,677.083333333333,4
5,2,4687.5,677.083333333333,4
5,2,4765.625,677.083333333333,4
5,2,4843.75,677.083333333333,4
5,2,4921.875,677.083333333333,4
5,2,5000,677.083333333333,4
5,2,0,3352.27272727273,5
5,2,71.0227272727273,3281.25,5
5,2,71.0227272727273,3203.125,5
5,2,78.125,3196.02272727273,5
5,2,156.25,3196.02272727273,5
5,2,227.272727272727,3125,5
5,2,227.272727272727,3046.875,5
5,2,227.272727272727,2968.75,5
5,2,234.375,2961.64772727273,5
5,2,305.397727272727,2890.625,5
5,2,312.5,2883.52272727273,5
5,2,383.522727272727,2812.5,5
5,2,390.625,2805.39772727273,5
5,2,461.647727272727,2734.375,5
5,2,468.75,2727.27272727273,5
5,2,507.8125,2656.25,5
5,2,543.154761904762,2578.125,5
5,2,544.354838709678,2500,5
5,2,544.354838709678,2421.875,5
5,2,546.875,2418.15476190476,5
5,2,625,2382.8125,5
5,2,651.041666666667,2343.75,5
5,2,651.041666666667,2265.625,5
5,2,696.022727272727,2187.5,5
5,2,696.022727272727,2109.375,5
5,2,696.022727272727,2031.25,5
5,2,696.022727272727,1953.125,5
5,2,696.022727272727,1875,5
5,2,703.125,1872.47983870968,5
5,2,781.25,1848.95833333333,5
5,2,859.375,1848.95833333333,5
5,2,911.458333333333,1796.875,5
5,2,911.458333333333,1718.75,5
5,2,937.5,1679.6875,5
5,2,1008.52272727273,1640.625,5
5,2,1015.625,1636.90476190476,5
5,2,1093.75,1601.5625,5
5,2,1132.8125,1562.5,5
5,2,1171.875,1523.4375,5
5,2,1210.9375,1484.375,5
5,2,1250,1445.3125,5
5,2,1321.02272727273,1406.25,5
5,2,1328.125,1403.72983870968,5
5,2,1406.25,1386.71875,5
5,2,1484.375,1386.71875,5
5,2,1542.96875,1328.125,5
5,2,1542.96875,1250,5
5,2,1562.5,1223.95833333333,5
5,2,1640.625,1223.95833333333,5
5,2,1718.75,1210.9375,5
5,2,1796.875,1210.9375,5
5,2,1835.9375,1171.875,5
5,2,1835.9375,1093.75,5
5,2,1875,1067.70833333333,5
5,2,1953.125,1067.70833333333,5
5,2,2027.52976190476,1015.625,5
5,2,2031.25,1008.52272727273,5
5,2,2109.375,976.5625,5
5,2,2187.5,976.5625,5
5,2,2265.625,976.5625,5
5,2,2343.75,976.5625,5
5,2,2414.77272727273,937.5,5
5,2,2421.875,930.397727272727,5
5,2,2492.89772727273,859.375,5
5,2,2500,852.272727272727,5
5,2,2571.02272727273,781.25,5
5,2,2578.125,777.529761904762,5
5,2,2656.25,755.208333333333,5
5,2,2734.375,755.208333333333,5
5,2,2812.5,742.1875,5
5,2,2883.52272727273,703.125,5
5,2,2890.625,700.604838709677,5
5,2,2968.75,700.604838709677,5
5,2,3046.875,699.404761904762,5
5,2,3125,664.0625,5
5,2,3203.125,664.0625,5
5,2,3281.25,664.0625,5
5,2,3359.375,664.0625,5
5,2,3437.5,664.0625,5
5,2,3515.625,664.0625,5
5,2,3593.75,664.0625,5
5,2,3671.875,664.0625,5
5,2,3750,664.0625,5
5,2,3828.125,664.0625,5
5,2,3906.25,664.0625,5
5,2,3984.375,664.0625,5
5,2,4062.5,664.0625,5
5,2,4140.625,664.0625,5
5,2,4218.75,664.0625,5
5,2,4296.875,664.0625,5
5,2,4375,664.0625,5
5,2,4453.125,664.0625,5
5,2,4531.25,664.0625,5
5,2,4609.375,664.0625,5
5,2,4687.5,664.0625,5
5,2,4765.625,664.0625,5
5,2,4843.75,664.0625,5
5,2,4921.875,664.0625,5
5,2,5000,664.0625,5
5,3,416.666666666667,5000,1
5,3,442.708333333333,4921.875,1
5,3,441.576086956522,4843.75,1
5,3,468.75,4795.67307692308,1
5,3,494.791666666667,4765.625,1
5,3,520.833333333333,4687.5,1
5,3,519.701086956523,4609.375,1
5,3,546.875,4561.29807692308,1
5,3,572.916666666665,4531.25,1
5,3,598.958333333333,4453.125,1
5,3,606.060606060606,4375,1
5,3,625,4347.82608695652,1
5,3,671.875,4296.875,1
5,3,703.125,4244.79166666667,1
5,3,718.75,4218.75,1
5,3,765.625000000001,4140.625,1
5,3,781.25,4114.58333333333,1
5,3,812.5,4062.5,1
5,3,840.435606060606,3984.375,1
5,3,859.375,3957.20108695652,1
5,3,906.250000000001,3906.25,1
5,3,937.5,3854.16666666667,1
5,3,953.124999999999,3828.125,1
5,3,999.999999999998,3750,1
5,3,1015.625,3723.95833333333,1
5,3,1046.875,3671.875,1
5,3,1074.81060606061,3593.75,1
5,3,1093.75,3566.57608695652,1
5,3,1140.625,3515.625,1
5,3,1171.875,3463.54166666667,1
5,3,1187.5,3437.5,1
5,3,1234.375,3359.375,1
5,3,1250,3333.33333333334,1
5,3,1281.25,3281.25,1
5,3,1309.18560606061,3203.125,1
5,3,1328.125,3175.95108695652,1
5,3,1375,3125,1
5,3,1406.25,3072.91666666667,1
5,3,1421.875,3046.875,1
5,3,1468.75,2968.75,1
5,3,1484.375,2942.70833333333,1
5,3,1515.625,2890.625,1
5,3,1543.56060606061,2812.5,1
5,3,1562.5,2785.32608695652,1
5,3,1609.375,2734.375,1
5,3,1640.625,2682.29166666667,1
5,3,1656.25,2656.25,1
5,3,1703.125,2578.125,1
5,3,1718.75,2552.08333333333,1
5,3,1750,2500,1
5,3,1796.875,2441.40625,1
5,3,1812.5,2421.875,1
5,3,1856.06060606061,2343.75,1
5,3,1875,2321.42857142857,1
5,3,1937.5,2265.625,1
5,3,1953.125,2246.09375,1
5,3,2000,2187.5,1
5,3,2031.25,2148.4375,1
5,3,2062.5,2109.375,1
5,3,2109.375,2050.78125,1
5,3,2125,2031.25,1
5,3,2168.56060606061,1953.125,1
5,3,2187.5,1930.80357142857,1
5,3,2250,1875,1
5,3,2265.625,1855.46875,1
5,3,2312.5,1796.875,1
5,3,2343.75,1757.8125,1
5,3,2375,1718.75,1
5,3,2421.875,1660.15625,1
5,3,2437.5,1640.625,1
5,3,2481.06060606061,1562.5,1
5,3,2500,1540.17857142857,1
5,3,2578.125,1542.96875,1
5,3,2656.25,1523.4375,1
5,3,2734.375,1503.90625,1
5,3,2812.49999999999,1484.375,1
5,3,2812.5,1484.375,1
5,3,2890.625,1464.84375,1
5,3,2968.75,1445.3125,1
5,3,3046.875,1425.78125,1
5,3,3076.92307692307,1406.25,1
5,3,3125,1383.92857142857,1
5,3,3203.125,1386.71875,1
5,3,3281.25,1367.1875,1
5,3,3359.375,1347.65625,1
5,3,3437.49999999999,1328.125,1
5,3,3437.5,1328.125,1
5,3,3515.625,1308.59375,1
5,3,3593.75,1289.0625,1
5,3,3671.875,1269.53125,1
5,3,3701.92307692307,1250,1
5,3,3750,1227.67857142857,1
5,3,3828.125,1222.82608695652,1
5,3,3906.25,1222.82608695652,1
5,3,3984.375,1222.82608695652,1
5,3,4062.5,1222.82608695652,1
5,3,4140.625,1222.82608695652,1
5,3,4218.75,1222.82608695652,1
5,3,4296.875,1222.82608695652,1
5,3,4375,1222.82608695652,1
5,3,4453.125,1222.82608695652,1
5,3,4531.25,1222.82608695652,1
5,3,4609.375,1222.82608695652,1
5,3,4687.5,1222.82608695652,1
5,3,4765.625,1222.82608695652,1
5,3,4843.75,1222.82608695652,1
5,3,4921.875,1222.82608695652,1
5,3,5000,1222.82608695652,1
5,3,208.333333333333,5000,2
5,3,217.927631578947,4921.875,2
5,3,234.375,4887.15277777778,2
5,3,260.416666666666,4843.75,2
5,3,286.458333333332,4765.625,2
5,3,296.052631578947,4687.5,2
5,3,312.5,4652.77777777778,2
5,3,338.541666666666,4609.375,2
5,3,364.583333333332,4531.25,2
5,3,390.624999999998,4453.125,2
5,3,390.625,4453.12499999999,2
5,3,416.666666666664,4375,2
5,3,442.708333333332,4296.875,2
5,3,468.749999999998,4218.75,2
5,3,468.75,4218.74999999999,2
5,3,494.791666666664,4140.625,2
5,3,520.833333333332,4062.5,2
5,3,546.874999999998,3984.375,2
5,3,546.875,3984.37499999999,2
5,3,572.916666666666,3906.25,2
5,3,598.958333333332,3828.125,2
5,3,608.552631578947,3750,2
5,3,625,3727.67857142857,2
5,3,677.083333333332,3671.875,2
5,3,703.125,3632.8125,2
5,3,729.166666666666,3593.75,2
5,3,764.802631578947,3515.625,2
5,3,781.25,3493.30357142857,2
5,3,833.333333333333,3437.5,2
5,3,859.375,3398.4375,2
5,3,878.90625,3359.375,2
5,3,898.437499999999,3281.25,2
5,3,917.968749999999,3203.125,2
5,3,924.479166666666,3125,2
5,3,937.5,3090.27777777778,2
5,3,957.03125,3046.875,2
5,3,976.562499999999,2968.75,2
5,3,996.09375,2890.625,2
5,3,1002.60416666667,2812.5,2
5,3,1015.625,2777.77777777778,2
5,3,1035.15625,2734.375,2
5,3,1054.6875,2656.25,2
5,3,1074.21875,2578.125,2
5,3,1080.72916666667,2500,2
5,3,1093.75,2483.55263157895,2
5,3,1152.34375,2421.875,2
5,3,1171.875,2395.83333333333,2
5,3,1210.9375,2343.75,2
5,3,1250,2291.66666666667,2
5,3,1293.40277777778,2265.625,2
5,3,1328.125,2249.17763157895,2
5,3,1406.25,2239.58333333333,2
5,3,1484.375,2213.54166666667,2
5,3,1527.77777777778,2187.5,2
5,3,1562.5,2171.05263157895,2
5,3,1640.625,2161.45833333333,2
5,3,1718.75,2135.41666666667,2
5,3,1796.87499999999,2109.375,2
5,3,1796.875,2109.375,2
5,3,1875,2083.33333333333,2
5,3,1953.125,2057.29166666667,2
5,3,1996.52777777778,2031.25,2
5,3,2031.25,1996.52777777778,2
5,3,2057.29166666667,1953.125,2
5,3,2083.33333333333,1875,2
5,3,2109.375,1796.875,2
5,3,2109.375,1796.87499999999,2
5,3,2135.41666666667,1718.75,2
5,3,2161.45833333333,1640.625,2
5,3,2171.05263157895,1562.5,2
5,3,2187.5,1527.77777777778,2
5,3,2213.54166666667,1484.375,2
5,3,2239.58333333333,1406.25,2
5,3,2249.17763157895,1328.125,2
5,3,2265.625,1293.40277777778,2
5,3,2291.66666666667,1250,2
5,3,2343.75,1197.91666666667,2
5,3,2369.79166666667,1171.875,2
5,3,2421.875,1119.79166666667,2
5,3,2447.91666666667,1093.75,2
5,3,2500,1041.66666666667,2
5,3,2543.40277777778,1015.625,2
5,3,2578.125,999.177631578948,2
5,3,2656.25,989.583333333332,2
5,3,2734.375,963.541666666666,2
5,3,2777.77777777778,937.5,2
5,3,2812.5,921.052631578947,2
5,3,2890.625,915.178571428571,2
5,3,2968.75,915.178571428571,2
5,3,3046.875,915.178571428571,2
5,3,3125,915.178571428571,2
5,3,3203.125,915.178571428571,2
5,3,3281.25,915.178571428571,2
5,3,3359.375,915.178571428571,2
5,3,3437.5,915.178571428571,2
5,3,3515.625,915.178571428571,2
5,3,3593.75,915.178571428571,2
5,3,3671.875,915.178571428571,2
5,3,3750,915.178571428571,2
5,3,3828.125,937.499999999996,2
5,3,3906.25,915.178571428571,2
5,3,3984.375,937.499999999996,2
5,3,4062.5,915.178571428571,2
5,3,4140.625,915.178571428571,2
5,3,4218.75,915.178571428571,2
5,3,4296.875,915.178571428571,2
5,3,4375,915.178571428571,2
5,3,4453.125,915.178571428571,2
5,3,4531.25,915.178571428571,2
5,3,4609.375,915.178571428571,2
5,3,4687.5,915.178571428571,2
5,3,4765.625,915.178571428571,2
5,3,4843.75,915.178571428571,2
5,3,4921.875,915.178571428571,2
5,3,5000,915.178571428571,2
5,3,104.166666666666,5000,3
5,3,104.166666666666,4921.875,3
5,3,104.166666666666,4843.75,3
5,3,104.166666666666,4765.625,3
5,3,104.166666666666,4687.5,3
5,3,104.166666666666,4609.375,3
5,3,104.166666666666,4531.25,3
5,3,117.1875,4453.125,3
5,3,143.229166666667,4375,3
5,3,156.25,4352.67857142857,3
5,3,195.3125,4296.875,3
5,3,221.354166666666,4218.75,3
5,3,234.375,4196.42857142857,3
5,3,273.4375,4140.625,3
5,3,299.479166666667,4062.5,3
5,3,303.308823529412,3984.375,3
5,3,312.499999999999,3906.25,3
5,3,303.308823529412,3828.125,3
5,3,303.308823529412,3750,3
5,3,303.308823529412,3671.875,3
5,3,303.308823529412,3593.75,3
5,3,303.308823529412,3515.625,3
5,3,303.308823529412,3437.5,3
5,3,312.5,3415.17857142857,3
5,3,351.562499999999,3359.375,3
5,3,390.624999999998,3281.25,3
5,3,390.625,3281.25,3
5,3,429.687500000001,3203.125,3
5,3,455.729166666667,3125,3
5,3,468.75,3111.97916666667,3
5,3,533.854166666667,3046.875,3
5,3,539.772727272727,2968.75,3
5,3,539.772727272727,2890.625,3
5,3,539.772727272727,2812.5,3
5,3,539.772727272727,2734.375,3
5,3,539.772727272727,2656.25,3
5,3,539.772727272727,2578.125,3
5,3,546.874999999999,2500,3
5,3,546.875,2500,3
5,3,566.40625,2421.875,3
5,3,585.9375,2343.75,3
5,3,605.46875,2265.625,3
5,3,617.897727272727,2187.5,3
5,3,625,2165.17857142857,3
5,3,703.125,2165.17857142857,3
5,3,781.25,2165.17857142857,3
5,3,859.375,2165.17857142857,3
5,3,915.178571428571,2109.375,3
5,3,915.178571428572,2031.25,3
5,3,915.178571428571,1953.125,3
5,3,915.178571428572,1875,3
5,3,937.5,1865.80882352941,3
5,3,1015.625,1848.95833333333,3
5,3,1093.75,1822.91666666667,3
5,3,1149.55357142857,1796.875,3
5,3,1171.875,1787.68382352941,3
5,3,1250,1770.83333333333,3
5,3,1328.125,1770.83333333333,3
5,3,1406.25,1770.83333333333,3
5,3,1484.375,1770.83333333333,3
5,3,1562.5,1770.83333333333,3
5,3,1640.625,1770.83333333333,3
5,3,1718.75,1770.83333333333,3
5,3,1770.83333333333,1718.75,3
5,3,1770.83333333333,1640.625,3
5,3,1770.83333333333,1562.5,3
5,3,1770.83333333333,1484.375,3
5,3,1770.83333333333,1406.25,3
5,3,1770.83333333333,1328.125,3
5,3,1770.83333333333,1250,3
5,3,1796.875,1223.95833333333,3
5,3,1848.95833333333,1171.875,3
5,3,1875,1145.83333333333,3
5,3,1953.125,1145.83333333333,3
5,3,2031.25,1145.83333333333,3
5,3,2109.375,1145.83333333333,3
5,3,2187.5,1145.83333333333,3
5,3,2265.625,1145.83333333333,3
5,3,2343.75,1145.83333333333,3
5,3,2421.875,1132.8125,3
5,3,2477.67857142857,1093.75,3
5,3,2500,1080.72916666667,3
5,3,2578.125,1054.6875,3
5,3,2633.92857142857,1015.625,3
5,3,2656.25,1002.60416666667,3
5,3,2734.375,976.5625,3
5,3,2790.17857142857,937.5,3
5,3,2812.5,924.479166666667,3
5,3,2890.625,915.178571428571,3
5,3,2968.75,915.178571428571,3
5,3,3046.875,915.178571428571,3
5,3,3125,915.178571428571,3
5,3,3203.125,915.178571428571,3
5,3,3281.25,915.178571428572,3
5,3,3359.375,915.178571428571,3
5,3,3437.5,915.178571428571,3
5,3,3515.625,915.178571428571,3
5,3,3593.75,915.178571428571,3
5,3,3671.875,915.178571428571,3
5,3,3750,915.178571428571,3
5,3,3828.125,915.178571428571,3
5,3,3906.25,915.178571428572,3
5,3,3984.375,915.178571428571,3
5,3,4062.5,915.178571428571,3
5,3,4140.625,915.178571428571,3
5,3,4218.75,915.178571428571,3
5,3,4296.875,915.178571428571,3
5,3,4375,915.178571428571,3
5,3,4453.125,915.178571428571,3
5,3,4531.25,915.178571428572,3
5,3,4609.375,915.178571428571,3
5,3,4687.5,915.178571428571,3
5,3,4765.625,915.178571428571,3
5,3,4843.75,915.178571428571,3
5,3,4921.875,915.178571428571,3
5,3,5000,915.178571428571,3
5,3,71.0227272727273,5000,4
5,3,71.0227272727273,4921.875,4
5,3,71.0227272727273,4843.75,4
5,3,71.0227272727273,4765.625,4
5,3,71.0227272727273,4687.5,4
5,3,71.0227272727273,4609.375,4
5,3,71.0227272727273,4531.25,4
5,3,71.0227272727273,4453.125,4
5,3,71.0227272727273,4375,4
5,3,71.0227272727273,4296.875,4
5,3,71.0227272727273,4218.75,4
5,3,71.0227272727273,4140.625,4
5,3,71.0227272727273,4062.5,4
5,3,78.125,4049.47916666667,4
5,3,117.1875,3984.375,4
5,3,149.147727272727,3906.25,4
5,3,156.249999999999,3828.125,4
5,3,151.3671875,3750,4
5,3,151.3671875,3671.875,4
5,3,151.3671875,3593.75,4
5,3,156.25,3580.72916666667,4
5,3,195.3125,3515.625,4
5,3,227.272727272727,3437.5,4
5,3,227.272727272727,3359.375,4
5,3,227.272727272727,3281.25,4
5,3,227.272727272727,3203.125,4
5,3,227.272727272727,3125,4
5,3,227.272727272727,3046.875,4
5,3,227.272727272727,2968.75,4
5,3,229.4921875,2890.625,4
5,3,234.375,2877.60416666667,4
5,3,260.416666666667,2812.5,4
5,3,273.4375,2734.375,4
5,3,273.4375,2656.25,4
5,3,273.4375,2578.125,4
5,3,273.4375,2500,4
5,3,308.779761904762,2421.875,4
5,3,312.5,2414.77272727273,4
5,3,390.625,2414.77272727273,4
5,3,468.75,2414.77272727273,4
5,3,539.772727272727,2343.75,4
5,3,539.772727272727,2265.625,4
5,3,539.772727272727,2187.5,4
5,3,546.875,2180.39772727273,4
5,3,598.958333333333,2109.375,4
5,3,620.1171875,2031.25,4
5,3,625,2018.22916666667,4
5,3,703.125,2018.22916666667,4
5,3,768.229166666667,1953.125,4
5,3,768.229166666667,1875,4
5,3,781.25,1861.97916666667,4
5,3,846.354166666667,1796.875,4
5,3,859.375,1783.85416666667,4
5,3,924.479166666667,1718.75,4
5,3,937.5,1705.72916666667,4
5,3,1015.625,1705.72916666667,4
5,3,1093.75,1705.72916666667,4
5,3,1171.875,1705.72916666667,4
5,3,1250,1705.72916666667,4
5,3,1328.125,1705.72916666667,4
5,3,1393.22916666667,1640.625,4
5,3,1393.22916666667,1562.5,4
5,3,1406.25,1555.39772727273,4
5,3,1484.375,1523.4375,4
5,3,1549.47916666667,1484.375,4
5,3,1562.5,1477.27272727273,4
5,3,1640.625,1477.27272727273,4
5,3,1718.75,1477.27272727273,4
5,3,1789.77272727273,1406.25,4
5,3,1789.77272727273,1328.125,4
5,3,1789.77272727273,1250,4
5,3,1796.875,1236.97916666667,4
5,3,1861.97916666667,1171.875,4
5,3,1875,1164.77272727273,4
5,3,1953.125,1164.77272727273,4
5,3,2031.25,1164.77272727273,4
5,3,2109.375,1164.77272727273,4
5,3,2187.5,1164.77272727273,4
5,3,2265.625,1132.8125,4
5,3,2330.72916666667,1093.75,4
5,3,2343.75,1086.64772727273,4
5,3,2421.875,1080.72916666667,4
5,3,2500,1080.72916666667,4
5,3,2578.125,1080.72916666667,4
5,3,2656.25,1080.72916666667,4
5,3,2734.375,1080.72916666667,4
5,3,2812.5,1080.72916666667,4
5,3,2890.625,1080.72916666667,4
5,3,2968.75,1080.72916666667,4
5,3,3046.875,1080.72916666667,4
5,3,3125,1080.72916666667,4
5,3,3203.125,1080.72916666667,4
5,3,3281.25,1080.72916666667,4
5,3,3359.375,1080.72916666667,4
5,3,3437.5,1080.72916666667,4
5,3,3515.625,1080.72916666667,4
5,3,3593.75,1080.72916666667,4
5,3,3671.875,1080.72916666667,4
5,3,3750,1080.72916666667,4
5,3,3828.125,1080.72916666667,4
5,3,3906.25,1080.72916666667,4
5,3,3984.375,1080.72916666667,4
5,3,4062.5,1080.72916666667,4
5,3,4127.60416666667,1015.625,4
5,3,4140.625,1002.60416666667,4
5,3,4205.72916666667,937.5,4
5,3,4205.72916666667,859.375,4
5,3,4205.72916666667,781.25,4
5,3,4218.75,768.229166666667,4
5,3,4296.875,768.229166666667,4
5,3,4375,768.229166666667,4
5,3,4453.125,768.229166666667,4
5,3,4531.25,768.229166666667,4
5,3,4609.375,768.229166666667,4
5,3,4687.5,768.229166666667,4
5,3,4765.625,768.229166666667,4
5,3,4843.75,768.229166666667,4
5,3,4921.875,768.229166666667,4
5,3,5000,768.229166666667,4
5,3,195.3125,5000,5
5,3,195.3125,4921.875,5
5,3,195.3125,4843.75,5
5,3,195.3125,4765.625,5
5,3,195.3125,4687.5,5
5,3,195.3125,4609.375,5
5,3,195.3125,4531.25,5
5,3,195.3125,4453.125,5
5,3,195.3125,4375,5
5,3,195.3125,4296.875,5
5,3,195.3125,4218.75,5
5,3,195.3125,4140.625,5
5,3,195.3125,4062.5,5
5,3,195.3125,3984.375,5
5,3,195.3125,3906.25,5
5,3,195.3125,3828.125,5
5,3,195.3125,3750,5
5,3,230.654761904762,3671.875,5
5,3,231.854838709677,3593.75,5
5,3,231.854838709677,3515.625,5
5,3,234.375,3508.52272727273,5
5,3,273.4375,3437.5,5
5,3,273.4375,3359.375,5
5,3,273.4375,3281.25,5
5,3,273.4375,3203.125,5
5,3,273.4375,3125,5
5,3,273.4375,3046.875,5
5,3,273.4375,2968.75,5
5,3,286.458333333333,2890.625,5
5,3,286.458333333333,2812.5,5
5,3,286.458333333333,2734.375,5
5,3,286.458333333333,2656.25,5
5,3,286.458333333333,2578.125,5
5,3,286.458333333333,2500,5
5,3,292.96875,2421.875,5
5,3,292.96875,2343.75,5
5,3,312.5,2304.6875,5
5,3,390.625,2304.6875,5
5,3,429.6875,2265.625,5
5,3,429.6875,2187.5,5
5,3,465.029761904762,2109.375,5
5,3,468.75,2102.27272727273,5
5,3,539.772727272727,2031.25,5
5,3,539.772727272727,1953.125,5
5,3,546.875,1946.02272727273,5
5,3,625,1946.02272727273,5
5,3,703.125,1946.02272727273,5
5,3,781.25,1946.02272727273,5
5,3,852.272727272727,1875,5
5,3,852.272727272727,1796.875,5
5,3,859.375,1789.77272727273,5
5,3,937.5,1789.77272727273,5
5,3,1008.52272727273,1718.75,5
5,3,1008.52272727273,1640.625,5
5,3,1015.625,1633.52272727273,5
5,3,1093.75,1633.52272727273,5
5,3,1171.875,1633.52272727273,5
5,3,1250,1633.52272727273,5
5,3,1321.02272727273,1562.5,5
5,3,1321.02272727273,1484.375,5
5,3,1328.125,1477.27272727273,5
5,3,1406.25,1477.27272727273,5
5,3,1484.375,1477.27272727273,5
5,3,1562.5,1477.27272727273,5
5,3,1633.52272727273,1406.25,5
5,3,1640.625,1399.14772727273,5
5,3,1711.64772727273,1328.125,5
5,3,1718.75,1321.02272727273,5
5,3,1789.77272727273,1250,5
5,3,1796.875,1242.89772727273,5
5,3,1875,1210.9375,5
5,3,1953.125,1210.9375,5
5,3,2031.25,1210.9375,5
5,3,2109.375,1210.9375,5
5,3,2180.39772727273,1171.875,5
5,3,2187.5,1164.77272727273,5
5,3,2265.625,1164.77272727273,5
5,3,2343.75,1164.77272727273,5
5,3,2421.875,1164.77272727273,5
5,3,2500,1164.77272727273,5
5,3,2578.125,1164.77272727273,5
5,3,2656.25,1164.77272727273,5
5,3,2734.375,1164.77272727273,5
5,3,2812.5,1164.77272727273,5
5,3,2883.52272727273,1093.75,5
5,3,2883.52272727273,1015.625,5
5,3,2890.625,1008.52272727273,5
5,3,2968.75,1008.52272727273,5
5,3,3046.875,1008.52272727273,5
5,3,3125,1008.52272727273,5
5,3,3203.125,1008.52272727273,5
5,3,3281.25,1008.52272727273,5
5,3,3359.375,1008.52272727273,5
5,3,3437.5,1008.52272727273,5
5,3,3515.625,1008.52272727273,5
5,3,3593.75,1008.52272727273,5
5,3,3671.875,1008.52272727273,5
5,3,3750,1008.52272727273,5
5,3,3828.125,1008.52272727273,5
5,3,3906.25,1008.52272727273,5
5,3,3984.375,1008.52272727273,5
5,3,4062.5,1008.52272727273,5
5,3,4140.625,1008.52272727273,5
5,3,4218.75,1008.52272727273,5
5,3,4289.77272727273,937.5,5
5,3,4296.875,930.397727272727,5
5,3,4367.89772727273,859.375,5
5,3,4375,852.272727272727,5
5,3,4453.125,852.272727272727,5
5,3,4531.25,852.272727272727,5
5,3,4609.375,852.272727272727,5
5,3,4687.5,852.272727272727,5
5,3,4765.625,852.272727272727,5
5,3,4843.75,852.272727272727,5
5,3,4921.875,852.272727272727,5
5,3,5000,852.272727272727,5
